id,text_time,user_text,bot_answer
1,"2020-12-17 16:05:12",üëø,"–ü—Ä–∏–≤–µ—Ç, –æ–≥–æ, —Å–∫–æ–ª—å–∫–æ –∑–ª–æ—Å—Ç–∏!"
2,"2020-12-17 16:05:56",üòÉ,"–ö–∞–∂–µ—Ç—Å—è, —É —Ç–µ–±—è –ø–æ–ª—É—á–∏–ª–æ—Å—å —É—Å–ø–æ–∫–æ–∏—Ç—å—Å—è!"
3,"2020-12-17 16:06:00",üòÉ,"–ö–∞–∫ –∑–¥–æ—Ä–æ–≤–æ, —á—Ç–æ —Ç–µ–±–µ –≤—Å–µ —Ä–∞–¥–æ—Å—Ç–Ω–µ–π –∏ —Ä–∞–¥–æ—Å—Ç–Ω–µ–π!"
4,"2020-12-17 16:06:27",üòì,"–ó–∞—á–µ–º –∂–µ —Ä–∞—Å—Å—Ç—Ä–∞–∏–≤–∞—Ç—å—Å—è, –≤—Å–µ –∂–µ –±—ã–ª–æ —Ö–æ—Ä–æ—à–æ."
5,"2020-12-17 18:42:40",TEXT,"–Ø —Ç–µ–±—è –Ω–µ –ø–æ–Ω–∏–º–∞—é!"
6,"2020-12-17 18:43:01",TEXT,"–Ø —Ç–µ–±—è –Ω–µ –ø–æ–Ω–∏–º–∞—é!"
7,"2020-12-17 18:43:03",ü•≥,"–ü—Ä–∏–≤–µ—Ç, —è —á—É–≤—Å—Ç–≤—É—é, —á—Ç–æ —Ç–µ–±–µ –æ—á–µ–Ω—å —Ä–∞–¥–æ—Å—Ç–Ω–æ!"
8,"2020-12-17 18:43:10",ü•≥,"–ö–∞–∫ –∑–¥–æ—Ä–æ–≤–æ, —á—Ç–æ —Ç–µ–±–µ –≤—Å–µ —Ä–∞–¥–æ—Å—Ç–Ω–µ–π –∏ —Ä–∞–¥–æ—Å—Ç–Ω–µ–π!"
9,"2020-12-17 18:43:34",üòí,"–ó–∞—á–µ–º –∂–µ —Ä–∞—Å—Å—Ç—Ä–∞–∏–≤–∞—Ç—å—Å—è, –≤—Å–µ –∂–µ –±—ã–ª–æ —Ö–æ—Ä–æ—à–æ."
10,"2020-12-17 18:43:36",üòí,"–ú–Ω–µ –∂–∞–ª—å, —á—Ç–æ —Ç—ã –≤—Å–µ –µ—â–µ –≥—Ä—É—Å—Ç–∏—à—å"
